<HS><hoc_sinh><ho_va_ten>Lo Giang Yen Thu</ho_va_ten><ntns>31/10/2003</ntns><diem_tb>9.09</diem_tb><xeploai>Xuat sac</xeploai><ket_qua>Hoan thanh</ket_qua></hoc_sinh><hoc_sinh><ho_va_ten>Hung Cuc Cong</ho_va_ten><ntns>22/11/2001</ntns><diem_tb>9.34</diem_tb><xeploai>Xuat sac</xeploai><ket_qua>Hoan thanh</ket_qua></hoc_sinh><hoc_sinh><ho_va_ten>Kha Trieu Phuong</ho_va_ten><ntns>05/05/2003</ntns><diem_tb>9.68</diem_tb><xeploai>Xuat sac</xeploai><ket_qua>Hoan thanh</ket_qua></hoc_sinh><hoc_sinh><ho_va_ten>Huong Kiet Tung</ho_va_ten><ntns>06/05/2003</ntns><diem_tb>9.5</diem_tb><xeploai>Xuat sac</xeploai><ket_qua>Hoan thanh</ket_qua></hoc_sinh><hoc_sinh><ho_va_ten>Cao Ngoc Le</ho_va_ten><ntns>14/10/2001</ntns><diem_tb>9.58</diem_tb><xeploai>Xuat sac</xeploai><ket_qua>Hoan thanh</ket_qua></hoc_sinh><hoc_sinh><ho_va_ten>Tang Van Tung</ho_va_ten><ntns>26/07/2003</ntns><diem_tb>9.37</diem_tb><xeploai>Xuat sac</xeploai><ket_qua>Hoan thanh</ket_qua></hoc_sinh><hoc_sinh><ho_va_ten>Uong Tuyet Yen Le</ho_va_ten><ntns>03/08/2003</ntns><diem_tb>9.07</diem_tb><xeploai>Xuat sac</xeploai><ket_qua>Hoan thanh</ket_qua></hoc_sinh><hoc_sinh><ho_va_ten>Duong Cuc Long</ho_va_ten><ntns>08/07/2003</ntns><diem_tb>9.88</diem_tb><xeploai>Xuat sac</xeploai><ket_qua>Hoan thanh</ket_qua></hoc_sinh><hoc_sinh><ho_va_ten>Vuon Uyen Tien</ho_va_ten><ntns>20/12/2002</ntns><diem_tb>9.83</diem_tb><xeploai>Xuat sac</xeploai><ket_qua>Hoan thanh</ket_qua></hoc_sinh><hoc_sinh><ho_va_ten>Mai Long Tuyet</ho_va_ten><ntns>27/07/2003</ntns><diem_tb>9.88</diem_tb><xeploai>Xuat sac</xeploai><ket_qua>Hoan thanh</ket_qua></hoc_sinh><hoc_sinh><ho_va_ten>Dao Tu Yen Nhung</ho_va_ten><ntns>01/03/2003</ntns><diem_tb>9.62</diem_tb><xeploai>Xuat sac</xeploai><ket_qua>Hoan thanh</ket_qua></hoc_sinh><hoc_sinh><ho_va_ten>Khuc Hung Quynh</ho_va_ten><ntns>14/12/2001</ntns><diem_tb>9.47</diem_tb><xeploai>Xuat sac</xeploai><ket_qua>Hoan thanh</ket_qua></hoc_sinh><hoc_sinh><ho_va_ten>Vinh Trinh Yen Linh</ho_va_ten><ntns>28/06/2002</ntns><diem_tb>9.77</diem_tb><xeploai>Xuat sac</xeploai><ket_qua>Hoan thanh</ket_qua></hoc_sinh><hoc_sinh><ho_va_ten>Kim Tran Hong</ho_va_ten><ntns>27/06/2003</ntns><diem_tb>9.7</diem_tb><xeploai>Xuat sac</xeploai><ket_qua>Hoan thanh</ket_qua></hoc_sinh><hoc_sinh><ho_va_ten>Dao Hai Nam</ho_va_ten><ntns>09/10/2003</ntns><diem_tb>9.02</diem_tb><xeploai>Xuat sac</xeploai><ket_qua>Hoan thanh</ket_qua></hoc_sinh><hoc_sinh><ho_va_ten>Hieu Diep Yen Van</ho_va_ten><ntns>10/10/2003</ntns><diem_tb>9.13</diem_tb><xeploai>Xuat sac</xeploai><ket_qua>Hoan thanh</ket_qua></hoc_sinh><hoc_sinh><ho_va_ten>Be Chi Thanh</ho_va_ten><ntns>18/03/2002</ntns><diem_tb>9.7</diem_tb><xeploai>Xuat sac</xeploai><ket_qua>Hoan thanh</ket_qua></hoc_sinh><hoc_sinh><ho_va_ten>Thai Hoang Yen Linh</ho_va_ten><ntns>01/11/2003</ntns><diem_tb>9.82</diem_tb><xeploai>Xuat sac</xeploai><ket_qua>Hoan thanh</ket_qua></hoc_sinh><hoc_sinh><ho_va_ten>Khuu Long Ngan</ho_va_ten><ntns>24/09/2003</ntns><diem_tb>9.31</diem_tb><xeploai>Xuat sac</xeploai><ket_qua>Hoan thanh</ket_qua></hoc_sinh><hoc_sinh><ho_va_ten>Cung Cong Minh</ho_va_ten><ntns>16/07/2002</ntns><diem_tb>9.12</diem_tb><xeploai>Xuat sac</xeploai><ket_qua>Hoan thanh</ket_qua></hoc_sinh><hoc_sinh><ho_va_ten>Vien Hung Tien</ho_va_ten><ntns>10/03/2003</ntns><diem_tb>9.41</diem_tb><xeploai>Xuat sac</xeploai><ket_qua>Hoan thanh</ket_qua></hoc_sinh><hoc_sinh><ho_va_ten>Vuon Vu Vi</ho_va_ten><ntns>25/04/2003</ntns><diem_tb>9.44</diem_tb><xeploai>Xuat sac</xeploai><ket_qua>Hoan thanh</ket_qua></hoc_sinh><hoc_sinh><ho_va_ten>Hang Kim Minh</ho_va_ten><ntns>26/08/2002</ntns><diem_tb>9.36</diem_tb><xeploai>Xuat sac</xeploai><ket_qua>Hoan thanh</ket_qua></hoc_sinh><hoc_sinh><ho_va_ten>Bach Ha Nhat</ho_va_ten><ntns>12/01/2001</ntns><diem_tb>9.37</diem_tb><xeploai>Xuat sac</xeploai><ket_qua>Hoan thanh</ket_qua></hoc_sinh><hoc_sinh><ho_va_ten>Hoan Hung Thinh</ho_va_ten><ntns>23/05/2001</ntns><diem_tb>9.85</diem_tb><xeploai>Xuat sac</xeploai><ket_qua>Hoan thanh</ket_qua></hoc_sinh><hoc_sinh><ho_va_ten>Hoan Thao Yen Linh</ho_va_ten><ntns>16/06/2001</ntns><diem_tb>9.09</diem_tb><xeploai>Xuat sac</xeploai><ket_qua>Hoan thanh</ket_qua></hoc_sinh><hoc_sinh><ho_va_ten>Cu Vu Lan</ho_va_ten><ntns>13/04/2003</ntns><diem_tb>9.08</diem_tb><xeploai>Xuat sac</xeploai><ket_qua>Hoan thanh</ket_qua></hoc_sinh><hoc_sinh><ho_va_ten>Vuon Thuong Le</ho_va_ten><ntns>15/07/2002</ntns><diem_tb>9.16</diem_tb><xeploai>Xuat sac</xeploai><ket_qua>Hoan thanh</ket_qua></hoc_sinh><hoc_sinh><ho_va_ten>Hoang Cuc Nam</ho_va_ten><ntns>18/07/2001</ntns><diem_tb>9.68</diem_tb><xeploai>Xuat sac</xeploai><ket_qua>Hoan thanh</ket_qua></hoc_sinh><hoc_sinh><ho_va_ten>To Quynh Viet</ho_va_ten><ntns>17/02/2001</ntns><diem_tb>9.83</diem_tb><xeploai>Xuat sac</xeploai><ket_qua>Hoan thanh</ket_qua></hoc_sinh><hoc_sinh><ho_va_ten>Khuong Dan Nhi</ho_va_ten><ntns>31/01/2003</ntns><diem_tb>9.8</diem_tb><xeploai>Xuat sac</xeploai><ket_qua>Hoan thanh</ket_qua></hoc_sinh><hoc_sinh><ho_va_ten>Phi Tung Thuong</ho_va_ten><ntns>22/12/2003</ntns><diem_tb>9.38</diem_tb><xeploai>Xuat sac</xeploai><ket_qua>Hoan thanh</ket_qua></hoc_sinh><hoc_sinh><ho_va_ten>Kim Thien Binh</ho_va_ten><ntns>15/12/2001</ntns><diem_tb>9.37</diem_tb><xeploai>Xuat sac</xeploai><ket_qua>Hoan thanh</ket_qua></hoc_sinh><hoc_sinh><ho_va_ten>Hoan Trung Quan</ho_va_ten><ntns>16/11/2003</ntns><diem_tb>9.72</diem_tb><xeploai>Xuat sac</xeploai><ket_qua>Hoan thanh</ket_qua></hoc_sinh><hoc_sinh><ho_va_ten>Hang Tung Nhi</ho_va_ten><ntns>11/08/2002</ntns><diem_tb>9.2</diem_tb><xeploai>Xuat sac</xeploai><ket_qua>Hoan thanh</ket_qua></hoc_sinh><hoc_sinh><ho_va_ten>Cao Ha Tuyet</ho_va_ten><ntns>01/08/2001</ntns><diem_tb>9.16</diem_tb><xeploai>Xuat sac</xeploai><ket_qua>Hoan thanh</ket_qua></hoc_sinh><hoc_sinh><ho_va_ten>Kha Vu Van</ho_va_ten><ntns>07/09/2002</ntns><diem_tb>9.2</diem_tb><xeploai>Xuat sac</xeploai><ket_qua>Hoan thanh</ket_qua></hoc_sinh><hoc_sinh><ho_va_ten>Huong Hung Ngan</ho_va_ten><ntns>31/05/2002</ntns><diem_tb>9.52</diem_tb><xeploai>Xuat sac</xeploai><ket_qua>Hoan thanh</ket_qua></hoc_sinh><hoc_sinh><ho_va_ten>Kha Quyen Yen Trang</ho_va_ten><ntns>17/11/2003</ntns><diem_tb>9.76</diem_tb><xeploai>Xuat sac</xeploai><ket_qua>Hoan thanh</ket_qua></hoc_sinh><hoc_sinh><ho_va_ten>Dinh Nam Yen Quynh</ho_va_ten><ntns>22/12/2002</ntns><diem_tb>9.66</diem_tb><xeploai>Xuat sac</xeploai><ket_qua>Hoan thanh</ket_qua></hoc_sinh><hoc_sinh><ho_va_ten>Hien Cuc Yen Van</ho_va_ten><ntns>25/05/2002</ntns><diem_tb>9.68</diem_tb><xeploai>Xuat sac</xeploai><ket_qua>Hoan thanh</ket_qua></hoc_sinh><hoc_sinh><ho_va_ten>Dien Lam Thanh</ho_va_ten><ntns>01/10/2001</ntns><diem_tb>9.44</diem_tb><xeploai>Xuat sac</xeploai><ket_qua>Hoan thanh</ket_qua></hoc_sinh><hoc_sinh><ho_va_ten>Xuan Ha Yen Hang</ho_va_ten><ntns>29/12/2001</ntns><diem_tb>9.09</diem_tb><xeploai>Xuat sac</xeploai><ket_qua>Hoan thanh</ket_qua></hoc_sinh><hoc_sinh><ho_va_ten>Ngo Khoa Yen Thanh</ho_va_ten><ntns>25/11/2001</ntns><diem_tb>9.28</diem_tb><xeploai>Xuat sac</xeploai><ket_qua>Hoan thanh</ket_qua></hoc_sinh><hoc_sinh><ho_va_ten>Tang Pham Phuong</ho_va_ten><ntns>12/09/2002</ntns><diem_tb>9.58</diem_tb><xeploai>Xuat sac</xeploai><ket_qua>Hoan thanh</ket_qua></hoc_sinh><hoc_sinh><ho_va_ten>Bu Quang Chi</ho_va_ten><ntns>04/12/2002</ntns><diem_tb>9.77</diem_tb><xeploai>Xuat sac</xeploai><ket_qua>Hoan thanh</ket_qua></hoc_sinh><hoc_sinh><ho_va_ten>Duong Diep Hung</ho_va_ten><ntns>03/08/2001</ntns><diem_tb>9.36</diem_tb><xeploai>Xuat sac</xeploai><ket_qua>Hoan thanh</ket_qua></hoc_sinh><hoc_sinh><ho_va_ten>Ho Giang Uyen</ho_va_ten><ntns>10/09/2003</ntns><diem_tb>9.48</diem_tb><xeploai>Xuat sac</xeploai><ket_qua>Hoan thanh</ket_qua></hoc_sinh><hoc_sinh><ho_va_ten>Khuc Duc Huy</ho_va_ten><ntns>10/10/2002</ntns><diem_tb>9.35</diem_tb><xeploai>Xuat sac</xeploai><ket_qua>Hoan thanh</ket_qua></hoc_sinh><hoc_sinh><ho_va_ten>Pham Diep Tam</ho_va_ten><ntns>23/02/2002</ntns><diem_tb>9.85</diem_tb><xeploai>Xuat sac</xeploai><ket_qua>Hoan thanh</ket_qua></hoc_sinh><hoc_sinh><ho_va_ten>Dien Bich Yen Mai</ho_va_ten><ntns>03/09/2002</ntns><diem_tb>9.12</diem_tb><xeploai>Xuat sac</xeploai><ket_qua>Hoan thanh</ket_qua></hoc_sinh><hoc_sinh><ho_va_ten>To Tuan Yen Nhi</ho_va_ten><ntns>31/03/2001</ntns><diem_tb>9.72</diem_tb><xeploai>Xuat sac</xeploai><ket_qua>Hoan thanh</ket_qua></hoc_sinh><hoc_sinh><ho_va_ten>Hoang Nhu Hoa</ho_va_ten><ntns>11/09/2002</ntns><diem_tb>9.13</diem_tb><xeploai>Xuat sac</xeploai><ket_qua>Hoan thanh</ket_qua></hoc_sinh><hoc_sinh><ho_va_ten>Phi Trieu Binh</ho_va_ten><ntns>17/08/2003</ntns><diem_tb>9.42</diem_tb><xeploai>Xuat sac</xeploai><ket_qua>Hoan thanh</ket_qua></hoc_sinh><hoc_sinh><ho_va_ten>Lang Kim Thinh</ho_va_ten><ntns>03/09/2003</ntns><diem_tb>9.75</diem_tb><xeploai>Xuat sac</xeploai><ket_qua>Hoan thanh</ket_qua></hoc_sinh><hoc_sinh><ho_va_ten>Ho Phuong Yen Phuong</ho_va_ten><ntns>05/10/2003</ntns><diem_tb>9.34</diem_tb><xeploai>Xuat sac</xeploai><ket_qua>Hoan thanh</ket_qua></hoc_sinh><hoc_sinh><ho_va_ten>Bach Trinh Khanh</ho_va_ten><ntns>14/02/2003</ntns><diem_tb>9.39</diem_tb><xeploai>Xuat sac</xeploai><ket_qua>Hoan thanh</ket_qua></hoc_sinh><hoc_sinh><ho_va_ten>Thai Lan Tung</ho_va_ten><ntns>13/01/2002</ntns><diem_tb>9.8</diem_tb><xeploai>Xuat sac</xeploai><ket_qua>Hoan thanh</ket_qua></hoc_sinh><hoc_sinh><ho_va_ten>Chau Thanh Nam</ho_va_ten><ntns>15/11/2001</ntns><diem_tb>9.33</diem_tb><xeploai>Xuat sac</xeploai><ket_qua>Hoan thanh</ket_qua></hoc_sinh><hoc_sinh><ho_va_ten>Van Trang An</ho_va_ten><ntns>25/11/2003</ntns><diem_tb>9.77</diem_tb><xeploai>Xuat sac</xeploai><ket_qua>Hoan thanh</ket_qua></hoc_sinh><hoc_sinh><ho_va_ten>Hong Long Yen Oanh</ho_va_ten><ntns>08/01/2001</ntns><diem_tb>9.65</diem_tb><xeploai>Xuat sac</xeploai><ket_qua>Hoan thanh</ket_qua></hoc_sinh><hoc_sinh><ho_va_ten>Dam Quynh Hong</ho_va_ten><ntns>08/01/2003</ntns><diem_tb>9.43</diem_tb><xeploai>Xuat sac</xeploai><ket_qua>Hoan thanh</ket_qua></hoc_sinh><hoc_sinh><ho_va_ten>Dang Diep Quang</ho_va_ten><ntns>19/11/2003</ntns><diem_tb>9.14</diem_tb><xeploai>Xuat sac</xeploai><ket_qua>Hoan thanh</ket_qua></hoc_sinh><hoc_sinh><ho_va_ten>Luu Thien Kien</ho_va_ten><ntns>30/01/2002</ntns><diem_tb>9.36</diem_tb><xeploai>Xuat sac</xeploai><ket_qua>Hoan thanh</ket_qua></hoc_sinh><hoc_sinh><ho_va_ten>Hieu Long Tung</ho_va_ten><ntns>13/05/2002</ntns><diem_tb>9.17</diem_tb><xeploai>Xuat sac</xeploai><ket_qua>Hoan thanh</ket_qua></hoc_sinh><hoc_sinh><ho_va_ten>Doan Bich Diep</ho_va_ten><ntns>16/02/2003</ntns><diem_tb>9.12</diem_tb><xeploai>Xuat sac</xeploai><ket_qua>Hoan thanh</ket_qua></hoc_sinh><hoc_sinh><ho_va_ten>Tong Tien Yen Van</ho_va_ten><ntns>27/09/2001</ntns><diem_tb>9.5</diem_tb><xeploai>Xuat sac</xeploai><ket_qua>Hoan thanh</ket_qua></hoc_sinh><hoc_sinh><ho_va_ten>Ton Bich Yen Hien</ho_va_ten><ntns>12/06/2003</ntns><diem_tb>9.24</diem_tb><xeploai>Xuat sac</xeploai><ket_qua>Hoan thanh</ket_qua></hoc_sinh><hoc_sinh><ho_va_ten>Trieu Phan Gia</ho_va_ten><ntns>03/01/2003</ntns><diem_tb>9.23</diem_tb><xeploai>Xuat sac</xeploai><ket_qua>Hoan thanh</ket_qua></hoc_sinh><hoc_sinh><ho_va_ten>Han Nam Huy</ho_va_ten><ntns>09/12/2002</ntns><diem_tb>9.82</diem_tb><xeploai>Xuat sac</xeploai><ket_qua>Hoan thanh</ket_qua></hoc_sinh><hoc_sinh><ho_va_ten>Do Giang Yen Nhung</ho_va_ten><ntns>16/02/2003</ntns><diem_tb>9.25</diem_tb><xeploai>Xuat sac</xeploai><ket_qua>Hoan thanh</ket_qua></hoc_sinh><hoc_sinh><ho_va_ten>Bui Thai Quang</ho_va_ten><ntns>15/03/2003</ntns><diem_tb>9.82</diem_tb><xeploai>Xuat sac</xeploai><ket_qua>Hoan thanh</ket_qua></hoc_sinh><hoc_sinh><ho_va_ten>Hong Phan Thien</ho_va_ten><ntns>20/07/2001</ntns><diem_tb>9.21</diem_tb><xeploai>Xuat sac</xeploai><ket_qua>Hoan thanh</ket_qua></hoc_sinh><hoc_sinh><ho_va_ten>Vi Nha Phuong</ho_va_ten><ntns>25/04/2001</ntns><diem_tb>9.67</diem_tb><xeploai>Xuat sac</xeploai><ket_qua>Hoan thanh</ket_qua></hoc_sinh><hoc_sinh><ho_va_ten>Ha Vinh Yen Huong</ho_va_ten><ntns>17/05/2002</ntns><diem_tb>9.16</diem_tb><xeploai>Xuat sac</xeploai><ket_qua>Hoan thanh</ket_qua></hoc_sinh><hoc_sinh><ho_va_ten>Dao Vu Nam</ho_va_ten><ntns>11/01/2003</ntns><diem_tb>9.67</diem_tb><xeploai>Xuat sac</xeploai><ket_qua>Hoan thanh</ket_qua></hoc_sinh><hoc_sinh><ho_va_ten>Xuan Truong Khoi</ho_va_ten><ntns>12/05/2001</ntns><diem_tb>9.21</diem_tb><xeploai>Xuat sac</xeploai><ket_qua>Hoan thanh</ket_qua></hoc_sinh><hoc_sinh><ho_va_ten>Xuan Trung Dung</ho_va_ten><ntns>01/02/2002</ntns><diem_tb>9.58</diem_tb><xeploai>Xuat sac</xeploai><ket_qua>Hoan thanh</ket_qua></hoc_sinh><hoc_sinh><ho_va_ten>Hoai Thi Hung</ho_va_ten><ntns>23/08/2003</ntns><diem_tb>9.78</diem_tb><xeploai>Xuat sac</xeploai><ket_qua>Hoan thanh</ket_qua></hoc_sinh><hoc_sinh><ho_va_ten>Vien Huynh Ngan</ho_va_ten><ntns>03/12/2003</ntns><diem_tb>9.63</diem_tb><xeploai>Xuat sac</xeploai><ket_qua>Hoan thanh</ket_qua></hoc_sinh><hoc_sinh><ho_va_ten>Vi Khanh Le</ho_va_ten><ntns>11/10/2003</ntns><diem_tb>9.35</diem_tb><xeploai>Xuat sac</xeploai><ket_qua>Hoan thanh</ket_qua></hoc_sinh><hoc_sinh><ho_va_ten>Lieu Tu Hoa</ho_va_ten><ntns>20/04/2002</ntns><diem_tb>9.11</diem_tb><xeploai>Xuat sac</xeploai><ket_qua>Hoan thanh</ket_qua></hoc_sinh><hoc_sinh><ho_va_ten>Ha Thi Tuyet</ho_va_ten><ntns>07/01/2002</ntns><diem_tb>9.05</diem_tb><xeploai>Xuat sac</xeploai><ket_qua>Hoan thanh</ket_qua></hoc_sinh><hoc_sinh><ho_va_ten>Khu Kiet Dong</ho_va_ten><ntns>11/01/2001</ntns><diem_tb>9.33</diem_tb><xeploai>Xuat sac</xeploai><ket_qua>Hoan thanh</ket_qua></hoc_sinh><hoc_sinh><ho_va_ten>Han Tuyet An</ho_va_ten><ntns>07/03/2001</ntns><diem_tb>9.54</diem_tb><xeploai>Xuat sac</xeploai><ket_qua>Hoan thanh</ket_qua></hoc_sinh><hoc_sinh><ho_va_ten>Banh Minh Yen Oanh</ho_va_ten><ntns>11/08/2001</ntns><diem_tb>9.32</diem_tb><xeploai>Xuat sac</xeploai><ket_qua>Hoan thanh</ket_qua></hoc_sinh><hoc_sinh><ho_va_ten>Hang Dinh Diep</ho_va_ten><ntns>05/09/2003</ntns><diem_tb>9.63</diem_tb><xeploai>Xuat sac</xeploai><ket_qua>Hoan thanh</ket_qua></hoc_sinh><hoc_sinh><ho_va_ten>Doan Khanh Yen Khanh</ho_va_ten><ntns>31/03/2002</ntns><diem_tb>9.83</diem_tb><xeploai>Xuat sac</xeploai><ket_qua>Hoan thanh</ket_qua></hoc_sinh><hoc_sinh><ho_va_ten>Trieu Duc Yen Quynh</ho_va_ten><ntns>24/10/2003</ntns><diem_tb>9.67</diem_tb><xeploai>Xuat sac</xeploai><ket_qua>Hoan thanh</ket_qua></hoc_sinh><hoc_sinh><ho_va_ten>Ham Phu Diep</ho_va_ten><ntns>13/05/2003</ntns><diem_tb>9.24</diem_tb><xeploai>Xuat sac</xeploai><ket_qua>Hoan thanh</ket_qua></hoc_sinh><hoc_sinh><ho_va_ten>Yen Linh Duc</ho_va_ten><ntns>28/02/2003</ntns><diem_tb>9.26</diem_tb><xeploai>Xuat sac</xeploai><ket_qua>Hoan thanh</ket_qua></hoc_sinh><hoc_sinh><ho_va_ten>Loc Long Yen Xoi</ho_va_ten><ntns>17/12/2003</ntns><diem_tb>9.27</diem_tb><xeploai>Xuat sac</xeploai><ket_qua>Hoan thanh</ket_qua></hoc_sinh><hoc_sinh><ho_va_ten>Dich Xuan Tung</ho_va_ten><ntns>06/01/2001</ntns><diem_tb>9.49</diem_tb><xeploai>Xuat sac</xeploai><ket_qua>Hoan thanh</ket_qua></hoc_sinh><hoc_sinh><ho_va_ten>Tong Khoa Minh</ho_va_ten><ntns>25/05/2001</ntns><diem_tb>9.07</diem_tb><xeploai>Xuat sac</xeploai><ket_qua>Hoan thanh</ket_qua></hoc_sinh><hoc_sinh><ho_va_ten>Han Chi Thi</ho_va_ten><ntns>20/12/2001</ntns><diem_tb>9.39</diem_tb><xeploai>Xuat sac</xeploai><ket_qua>Hoan thanh</ket_qua></hoc_sinh><hoc_sinh><ho_va_ten>Tong Thien Binh</ho_va_ten><ntns>09/01/2003</ntns><diem_tb>9.46</diem_tb><xeploai>Xuat sac</xeploai><ket_qua>Hoan thanh</ket_qua></hoc_sinh><hoc_sinh><ho_va_ten>Do Trieu Ngoc</ho_va_ten><ntns>01/12/2002</ntns><diem_tb>9.53</diem_tb><xeploai>Xuat sac</xeploai><ket_qua>Hoan thanh</ket_qua></hoc_sinh><hoc_sinh><ho_va_ten>Huong Lan Van</ho_va_ten><ntns>08/08/2001</ntns><diem_tb>9.45</diem_tb><xeploai>Xuat sac</xeploai><ket_qua>Hoan thanh</ket_qua></hoc_sinh><hoc_sinh><ho_va_ten>Nguyen Thai Thuong</ho_va_ten><ntns>08/11/2002</ntns><diem_tb>9.57</diem_tb><xeploai>Xuat sac</xeploai><ket_qua>Hoan thanh</ket_qua></hoc_sinh><hoc_sinh><ho_va_ten>Ky Nhan Phuc</ho_va_ten><ntns>11/03/2001</ntns><diem_tb>9.33</diem_tb><xeploai>Xuat sac</xeploai><ket_qua>Hoan thanh</ket_qua></hoc_sinh><hoc_sinh><ho_va_ten>Vuon Thao Thinh</ho_va_ten><ntns>08/01/2003</ntns><diem_tb>9.53</diem_tb><xeploai>Xuat sac</xeploai><ket_qua>Hoan thanh</ket_qua></hoc_sinh><hoc_sinh><ho_va_ten>Vien Quang Thuy</ho_va_ten><ntns>21/08/2001</ntns><diem_tb>9.87</diem_tb><xeploai>Xuat sac</xeploai><ket_qua>Hoan thanh</ket_qua></hoc_sinh><hoc_sinh><ho_va_ten>Ky Phu Dat</ho_va_ten><ntns>28/08/2003</ntns><diem_tb>9.46</diem_tb><xeploai>Xuat sac</xeploai><ket_qua>Hoan thanh</ket_qua></hoc_sinh><hoc_sinh><ho_va_ten>Han Yen Mai</ho_va_ten><ntns>23/12/2002</ntns><diem_tb>9.2</diem_tb><xeploai>Xuat sac</xeploai><ket_qua>Hoan thanh</ket_qua></hoc_sinh><hoc_sinh><ho_va_ten>Huynh Khai Lam</ho_va_ten><ntns>25/04/2001</ntns><diem_tb>9.2</diem_tb><xeploai>Xuat sac</xeploai><ket_qua>Hoan thanh</ket_qua></hoc_sinh><hoc_sinh><ho_va_ten>Hoai Dinh Duc</ho_va_ten><ntns>22/01/2003</ntns><diem_tb>9.03</diem_tb><xeploai>Xuat sac</xeploai><ket_qua>Hoan thanh</ket_qua></hoc_sinh><hoc_sinh><ho_va_ten>Hop Bich Duc</ho_va_ten><ntns>05/09/2001</ntns><diem_tb>9.2</diem_tb><xeploai>Xuat sac</xeploai><ket_qua>Hoan thanh</ket_qua></hoc_sinh><hoc_sinh><ho_va_ten>Cung Quyen Chi</ho_va_ten><ntns>08/08/2001</ntns><diem_tb>9.2</diem_tb><xeploai>Xuat sac</xeploai><ket_qua>Hoan thanh</ket_qua></hoc_sinh><hoc_sinh><ho_va_ten>Hoai Nhu Hien</ho_va_ten><ntns>18/05/2002</ntns><diem_tb>9.12</diem_tb><xeploai>Xuat sac</xeploai><ket_qua>Hoan thanh</ket_qua></hoc_sinh><hoc_sinh><ho_va_ten>Ton Quyen Nhat</ho_va_ten><ntns>22/10/2001</ntns><diem_tb>9.61</diem_tb><xeploai>Xuat sac</xeploai><ket_qua>Hoan thanh</ket_qua></hoc_sinh><hoc_sinh><ho_va_ten>Thi Nha Vui</ho_va_ten><ntns>11/05/2002</ntns><diem_tb>9.28</diem_tb><xeploai>Xuat sac</xeploai><ket_qua>Hoan thanh</ket_qua></hoc_sinh><hoc_sinh><ho_va_ten>Han Quyen Nam</ho_va_ten><ntns>12/08/2003</ntns><diem_tb>9.88</diem_tb><xeploai>Xuat sac</xeploai><ket_qua>Hoan thanh</ket_qua></hoc_sinh><hoc_sinh><ho_va_ten>Kha Dan Khanh Linh</ho_va_ten><ntns>21/10/2001</ntns><diem_tb>9.31</diem_tb><xeploai>Xuat sac</xeploai><ket_qua>Hoan thanh</ket_qua></hoc_sinh><hoc_sinh><ho_va_ten>Hoang Thanh Nhat</ho_va_ten><ntns>14/06/2002</ntns><diem_tb>9.02</diem_tb><xeploai>Xuat sac</xeploai><ket_qua>Hoan thanh</ket_qua></hoc_sinh><hoc_sinh><ho_va_ten>Ho Huyen Tien</ho_va_ten><ntns>22/10/2003</ntns><diem_tb>9.37</diem_tb><xeploai>Xuat sac</xeploai><ket_qua>Hoan thanh</ket_qua></hoc_sinh><hoc_sinh><ho_va_ten>Huynh Viet Tung</ho_va_ten><ntns>19/05/2002</ntns><diem_tb>9.51</diem_tb><xeploai>Xuat sac</xeploai><ket_qua>Hoan thanh</ket_qua></hoc_sinh><hoc_sinh><ho_va_ten>Lam Tung Phong</ho_va_ten><ntns>04/02/2002</ntns><diem_tb>9.01</diem_tb><xeploai>Xuat sac</xeploai><ket_qua>Hoan thanh</ket_qua></hoc_sinh><hoc_sinh><ho_va_ten>Dam Thao Yen Quynh</ho_va_ten><ntns>31/10/2002</ntns><diem_tb>9.79</diem_tb><xeploai>Xuat sac</xeploai><ket_qua>Hoan thanh</ket_qua></hoc_sinh><hoc_sinh><ho_va_ten>Lam Huyen An</ho_va_ten><ntns>12/08/2003</ntns><diem_tb>9.23</diem_tb><xeploai>Xuat sac</xeploai><ket_qua>Hoan thanh</ket_qua></hoc_sinh><hoc_sinh><ho_va_ten>Xuan Dinh Yen Xoi</ho_va_ten><ntns>01/11/2002</ntns><diem_tb>9.03</diem_tb><xeploai>Xuat sac</xeploai><ket_qua>Hoan thanh</ket_qua></hoc_sinh><hoc_sinh><ho_va_ten>Khuu Trieu Yen Thanh</ho_va_ten><ntns>22/11/2003</ntns><diem_tb>9.07</diem_tb><xeploai>Xuat sac</xeploai><ket_qua>Hoan thanh</ket_qua></hoc_sinh><hoc_sinh><ho_va_ten>Vuon Bao Yen Hang</ho_va_ten><ntns>25/12/2001</ntns><diem_tb>9.24</diem_tb><xeploai>Xuat sac</xeploai><ket_qua>Hoan thanh</ket_qua></hoc_sinh><hoc_sinh><ho_va_ten>Khuong Phu Quang</ho_va_ten><ntns>12/07/2003</ntns><diem_tb>9.61</diem_tb><xeploai>Xuat sac</xeploai><ket_qua>Hoan thanh</ket_qua></hoc_sinh><hoc_sinh><ho_va_ten>Tong Hung Dong</ho_va_ten><ntns>25/03/2002</ntns><diem_tb>9.63</diem_tb><xeploai>Xuat sac</xeploai><ket_qua>Hoan thanh</ket_qua></hoc_sinh><hoc_sinh><ho_va_ten>Lo Hung Long</ho_va_ten><ntns>08/02/2002</ntns><diem_tb>9.87</diem_tb><xeploai>Xuat sac</xeploai><ket_qua>Hoan thanh</ket_qua></hoc_sinh><hoc_sinh><ho_va_ten>Uong Quyen Nhan</ho_va_ten><ntns>24/05/2002</ntns><diem_tb>9.38</diem_tb><xeploai>Xuat sac</xeploai><ket_qua>Hoan thanh</ket_qua></hoc_sinh><hoc_sinh><ho_va_ten>Lieu Bao Tung</ho_va_ten><ntns>30/12/2002</ntns><diem_tb>9.11</diem_tb><xeploai>Xuat sac</xeploai><ket_qua>Hoan thanh</ket_qua></hoc_sinh><hoc_sinh><ho_va_ten>Khu Phan Thuan</ho_va_ten><ntns>05/07/2003</ntns><diem_tb>9.75</diem_tb><xeploai>Xuat sac</xeploai><ket_qua>Hoan thanh</ket_qua></hoc_sinh><hoc_sinh><ho_va_ten>Doan Dan Ngoc</ho_va_ten><ntns>25/02/2003</ntns><diem_tb>9.04</diem_tb><xeploai>Xuat sac</xeploai><ket_qua>Hoan thanh</ket_qua></hoc_sinh><hoc_sinh><ho_va_ten>Khuc Phong Hung</ho_va_ten><ntns>07/02/2002</ntns><diem_tb>9.01</diem_tb><xeploai>Xuat sac</xeploai><ket_qua>Hoan thanh</ket_qua></hoc_sinh><hoc_sinh><ho_va_ten>Khu Minh Yen Vy</ho_va_ten><ntns>07/12/2003</ntns><diem_tb>9.48</diem_tb><xeploai>Xuat sac</xeploai><ket_qua>Hoan thanh</ket_qua></hoc_sinh><hoc_sinh><ho_va_ten>Truong Thieu Chi</ho_va_ten><ntns>12/04/2001</ntns><diem_tb>9.79</diem_tb><xeploai>Xuat sac</xeploai><ket_qua>Hoan thanh</ket_qua></hoc_sinh><hoc_sinh><ho_va_ten>Doan Truong Anh</ho_va_ten><ntns>13/11/2001</ntns><diem_tb>9.15</diem_tb><xeploai>Xuat sac</xeploai><ket_qua>Hoan thanh</ket_qua></hoc_sinh><hoc_sinh><ho_va_ten>Loc Tien Kim</ho_va_ten><ntns>02/01/2003</ntns><diem_tb>9.75</diem_tb><xeploai>Xuat sac</xeploai><ket_qua>Hoan thanh</ket_qua></hoc_sinh><hoc_sinh><ho_va_ten>Lac Khoa Khanh Linh</ho_va_ten><ntns>02/01/2003</ntns><diem_tb>9.5</diem_tb><xeploai>Xuat sac</xeploai><ket_qua>Hoan thanh</ket_qua></hoc_sinh><hoc_sinh><ho_va_ten>Tiet Tu Yen Phuong</ho_va_ten><ntns>13/05/2003</ntns><diem_tb>9.28</diem_tb><xeploai>Xuat sac</xeploai><ket_qua>Hoan thanh</ket_qua></hoc_sinh><hoc_sinh><ho_va_ten>Hang Thuong Thinh</ho_va_ten><ntns>07/02/2003</ntns><diem_tb>9.46</diem_tb><xeploai>Xuat sac</xeploai><ket_qua>Hoan thanh</ket_qua></hoc_sinh><hoc_sinh><ho_va_ten>Cao Trang Yen Oanh</ho_va_ten><ntns>14/01/2003</ntns><diem_tb>9.46</diem_tb><xeploai>Xuat sac</xeploai><ket_qua>Hoan thanh</ket_qua></hoc_sinh><hoc_sinh><ho_va_ten>Huynh Linh Kim</ho_va_ten><ntns>20/08/2002</ntns><diem_tb>9.31</diem_tb><xeploai>Xuat sac</xeploai><ket_qua>Hoan thanh</ket_qua></hoc_sinh><hoc_sinh><ho_va_ten>Yen Doan Yen Vy</ho_va_ten><ntns>29/08/2002</ntns><diem_tb>9.42</diem_tb><xeploai>Xuat sac</xeploai><ket_qua>Hoan thanh</ket_qua></hoc_sinh><hoc_sinh><ho_va_ten>Truong Hoang Quynh</ho_va_ten><ntns>26/08/2002</ntns><diem_tb>9.33</diem_tb><xeploai>Xuat sac</xeploai><ket_qua>Hoan thanh</ket_qua></hoc_sinh><hoc_sinh><ho_va_ten>Kha Viet Nhung</ho_va_ten><ntns>01/06/2002</ntns><diem_tb>9.45</diem_tb><xeploai>Xuat sac</xeploai><ket_qua>Hoan thanh</ket_qua></hoc_sinh><hoc_sinh><ho_va_ten>Phan Diep Khanh Linh</ho_va_ten><ntns>22/08/2003</ntns><diem_tb>9.36</diem_tb><xeploai>Xuat sac</xeploai><ket_qua>Hoan thanh</ket_qua></hoc_sinh><hoc_sinh><ho_va_ten>Hang Son Son</ho_va_ten><ntns>24/07/2003</ntns><diem_tb>9.53</diem_tb><xeploai>Xuat sac</xeploai><ket_qua>Hoan thanh</ket_qua></hoc_sinh><hoc_sinh><ho_va_ten>Yen Nhat Vinh</ho_va_ten><ntns>03/09/2003</ntns><diem_tb>9.42</diem_tb><xeploai>Xuat sac</xeploai><ket_qua>Hoan thanh</ket_qua></hoc_sinh><hoc_sinh><ho_va_ten>Cu Thieu Yen Linh</ho_va_ten><ntns>15/08/2002</ntns><diem_tb>9.34</diem_tb><xeploai>Xuat sac</xeploai><ket_qua>Hoan thanh</ket_qua></hoc_sinh><hoc_sinh><ho_va_ten>La Thieu Lam</ho_va_ten><ntns>18/02/2002</ntns><diem_tb>9.86</diem_tb><xeploai>Xuat sac</xeploai><ket_qua>Hoan thanh</ket_qua></hoc_sinh><hoc_sinh><ho_va_ten>Cao Thien Thu</ho_va_ten><ntns>11/11/2003</ntns><diem_tb>9.64</diem_tb><xeploai>Xuat sac</xeploai><ket_qua>Hoan thanh</ket_qua></hoc_sinh><hoc_sinh><ho_va_ten>Dinh Khoa Anh</ho_va_ten><ntns>06/08/2003</ntns><diem_tb>9.62</diem_tb><xeploai>Xuat sac</xeploai><ket_qua>Hoan thanh</ket_qua></hoc_sinh><hoc_sinh><ho_va_ten>Dien Cuc Dung</ho_va_ten><ntns>13/04/2003</ntns><diem_tb>9.55</diem_tb><xeploai>Xuat sac</xeploai><ket_qua>Hoan thanh</ket_qua></hoc_sinh><hoc_sinh><ho_va_ten>Ha Uyen Yen Phuong</ho_va_ten><ntns>19/01/2003</ntns><diem_tb>9.24</diem_tb><xeploai>Xuat sac</xeploai><ket_qua>Hoan thanh</ket_qua></hoc_sinh><hoc_sinh><ho_va_ten>Lo Pham Yen Do</ho_va_ten><ntns>25/05/2003</ntns><diem_tb>9.15</diem_tb><xeploai>Xuat sac</xeploai><ket_qua>Hoan thanh</ket_qua></hoc_sinh><hoc_sinh><ho_va_ten>Trang Thanh Kien</ho_va_ten><ntns>24/10/2002</ntns><diem_tb>9.41</diem_tb><xeploai>Xuat sac</xeploai><ket_qua>Hoan thanh</ket_qua></hoc_sinh><hoc_sinh><ho_va_ten>Dao Vinh Yen Nhung</ho_va_ten><ntns>02/09/2003</ntns><diem_tb>9.82</diem_tb><xeploai>Xuat sac</xeploai><ket_qua>Hoan thanh</ket_qua></hoc_sinh><hoc_sinh><ho_va_ten>Vi Khoa Tan</ho_va_ten><ntns>19/11/2002</ntns><diem_tb>9.4</diem_tb><xeploai>Xuat sac</xeploai><ket_qua>Hoan thanh</ket_qua></hoc_sinh><hoc_sinh><ho_va_ten>Lieu Tran Yen Thu</ho_va_ten><ntns>23/10/2002</ntns><diem_tb>9.17</diem_tb><xeploai>Xuat sac</xeploai><ket_qua>Hoan thanh</ket_qua></hoc_sinh><hoc_sinh><ho_va_ten>Hau Hung Yen</ho_va_ten><ntns>09/09/2001</ntns><diem_tb>9.59</diem_tb><xeploai>Xuat sac</xeploai><ket_qua>Hoan thanh</ket_qua></hoc_sinh><hoc_sinh><ho_va_ten>Dong Phuong Nhat</ho_va_ten><ntns>27/01/2002</ntns><diem_tb>9.31</diem_tb><xeploai>Xuat sac</xeploai><ket_qua>Hoan thanh</ket_qua></hoc_sinh><hoc_sinh><ho_va_ten>Ho Tien Yen Thao</ho_va_ten><ntns>02/10/2003</ntns><diem_tb>9.6</diem_tb><xeploai>Xuat sac</xeploai><ket_qua>Hoan thanh</ket_qua></hoc_sinh><hoc_sinh><ho_va_ten>Khu Hoang Binh</ho_va_ten><ntns>17/09/2003</ntns><diem_tb>9.71</diem_tb><xeploai>Xuat sac</xeploai><ket_qua>Hoan thanh</ket_qua></hoc_sinh><hoc_sinh><ho_va_ten>Dong Son Cong</ho_va_ten><ntns>13/01/2003</ntns><diem_tb>9.73</diem_tb><xeploai>Xuat sac</xeploai><ket_qua>Hoan thanh</ket_qua></hoc_sinh><hoc_sinh><ho_va_ten>Han Quyen Tung</ho_va_ten><ntns>31/09/2002</ntns><diem_tb>9.56</diem_tb><xeploai>Xuat sac</xeploai><ket_qua>Hoan thanh</ket_qua></hoc_sinh><hoc_sinh><ho_va_ten>Hung Ha Thuong</ho_va_ten><ntns>02/09/2003</ntns><diem_tb>9.69</diem_tb><xeploai>Xuat sac</xeploai><ket_qua>Hoan thanh</ket_qua></hoc_sinh><hoc_sinh><ho_va_ten>Dien Nam Le</ho_va_ten><ntns>23/06/2003</ntns><diem_tb>9.37</diem_tb><xeploai>Xuat sac</xeploai><ket_qua>Hoan thanh</ket_qua></hoc_sinh><hoc_sinh><ho_va_ten>Xuan Duc Gia</ho_va_ten><ntns>19/03/2002</ntns><diem_tb>9.55</diem_tb><xeploai>Xuat sac</xeploai><ket_qua>Hoan thanh</ket_qua></hoc_sinh><hoc_sinh><ho_va_ten>Tran Nhu Thanh</ho_va_ten><ntns>26/09/2001</ntns><diem_tb>9.38</diem_tb><xeploai>Xuat sac</xeploai><ket_qua>Hoan thanh</ket_qua></hoc_sinh><hoc_sinh><ho_va_ten>Cu Kim Diep</ho_va_ten><ntns>14/02/2003</ntns><diem_tb>9.8</diem_tb><xeploai>Xuat sac</xeploai><ket_qua>Hoan thanh</ket_qua></hoc_sinh><hoc_sinh><ho_va_ten>Hung Huynh Yen Oanh</ho_va_ten><ntns>18/02/2002</ntns><diem_tb>9.6</diem_tb><xeploai>Xuat sac</xeploai><ket_qua>Hoan thanh</ket_qua></hoc_sinh><hoc_sinh><ho_va_ten>Le Tran Yen Hoa</ho_va_ten><ntns>26/09/2002</ntns><diem_tb>9.54</diem_tb><xeploai>Xuat sac</xeploai><ket_qua>Hoan thanh</ket_qua></hoc_sinh><hoc_sinh><ho_va_ten>Lo Thai Mai</ho_va_ten><ntns>22/08/2003</ntns><diem_tb>9.84</diem_tb><xeploai>Xuat sac</xeploai><ket_qua>Hoan thanh</ket_qua></hoc_sinh><hoc_sinh><ho_va_ten>Trang Truong Yen Quynh</ho_va_ten><ntns>07/04/2003</ntns><diem_tb>9.02</diem_tb><xeploai>Xuat sac</xeploai><ket_qua>Hoan thanh</ket_qua></hoc_sinh><hoc_sinh><ho_va_ten>Huynh Quang Uyen</ho_va_ten><ntns>11/07/2003</ntns><diem_tb>9.63</diem_tb><xeploai>Xuat sac</xeploai><ket_qua>Hoan thanh</ket_qua></hoc_sinh><hoc_sinh><ho_va_ten>Huong Truong Phuong</ho_va_ten><ntns>19/01/2003</ntns><diem_tb>9.54</diem_tb><xeploai>Xuat sac</xeploai><ket_qua>Hoan thanh</ket_qua></hoc_sinh><hoc_sinh><ho_va_ten>Van Tu Thi</ho_va_ten><ntns>26/07/2003</ntns><diem_tb>9.39</diem_tb><xeploai>Xuat sac</xeploai><ket_qua>Hoan thanh</ket_qua></hoc_sinh><hoc_sinh><ho_va_ten>Hop Cuc Khanh</ho_va_ten><ntns>25/12/2001</ntns><diem_tb>9.19</diem_tb><xeploai>Xuat sac</xeploai><ket_qua>Hoan thanh</ket_qua></hoc_sinh><hoc_sinh><ho_va_ten>Ly Phu Uyen</ho_va_ten><ntns>09/04/2002</ntns><diem_tb>9.62</diem_tb><xeploai>Xuat sac</xeploai><ket_qua>Hoan thanh</ket_qua></hoc_sinh><hoc_sinh><ho_va_ten>Dien Chi Phat</ho_va_ten><ntns>18/09/2001</ntns><diem_tb>9.17</diem_tb><xeploai>Xuat sac</xeploai><ket_qua>Hoan thanh</ket_qua></hoc_sinh><hoc_sinh><ho_va_ten>Doan Hai Duc</ho_va_ten><ntns>10/07/2003</ntns><diem_tb>9.71</diem_tb><xeploai>Xuat sac</xeploai><ket_qua>Hoan thanh</ket_qua></hoc_sinh><hoc_sinh><ho_va_ten>Tiet My Phat</ho_va_ten><ntns>10/07/2002</ntns><diem_tb>9.81</diem_tb><xeploai>Xuat sac</xeploai><ket_qua>Hoan thanh</ket_qua></hoc_sinh><hoc_sinh><ho_va_ten>Thi Long Cong</ho_va_ten><ntns>23/07/2003</ntns><diem_tb>9.26</diem_tb><xeploai>Xuat sac</xeploai><ket_qua>Hoan thanh</ket_qua></hoc_sinh><hoc_sinh><ho_va_ten>Vi Trieu Tien</ho_va_ten><ntns>03/04/2003</ntns><diem_tb>9.34</diem_tb><xeploai>Xuat sac</xeploai><ket_qua>Hoan thanh</ket_qua></hoc_sinh><hoc_sinh><ho_va_ten>Trang Dinh Thanh</ho_va_ten><ntns>08/04/2001</ntns><diem_tb>9.36</diem_tb><xeploai>Xuat sac</xeploai><ket_qua>Hoan thanh</ket_qua></hoc_sinh><hoc_sinh><ho_va_ten>Dang Quyen Vi</ho_va_ten><ntns>14/03/2003</ntns><diem_tb>9.11</diem_tb><xeploai>Xuat sac</xeploai><ket_qua>Hoan thanh</ket_qua></hoc_sinh><hoc_sinh><ho_va_ten>Lac Trieu Hanh</ho_va_ten><ntns>26/08/2001</ntns><diem_tb>9.78</diem_tb><xeploai>Xuat sac</xeploai><ket_qua>Hoan thanh</ket_qua></hoc_sinh><hoc_sinh><ho_va_ten>Hoang Van Nhat</ho_va_ten><ntns>22/10/2001</ntns><diem_tb>9.15</diem_tb><xeploai>Xuat sac</xeploai><ket_qua>Hoan thanh</ket_qua></hoc_sinh><hoc_sinh><ho_va_ten>Huong Thai Son</ho_va_ten><ntns>21/10/2003</ntns><diem_tb>9.56</diem_tb><xeploai>Xuat sac</xeploai><ket_qua>Hoan thanh</ket_qua></hoc_sinh><hoc_sinh><ho_va_ten>To Bao Gia</ho_va_ten><ntns>25/10/2001</ntns><diem_tb>9.42</diem_tb><xeploai>Xuat sac</xeploai><ket_qua>Hoan thanh</ket_qua></hoc_sinh><hoc_sinh><ho_va_ten>Dien Linh Tuyen</ho_va_ten><ntns>23/06/2003</ntns><diem_tb>9.42</diem_tb><xeploai>Xuat sac</xeploai><ket_qua>Hoan thanh</ket_qua></hoc_sinh><hoc_sinh><ho_va_ten>Yen Lam Hoai</ho_va_ten><ntns>21/06/2003</ntns><diem_tb>9.47</diem_tb><xeploai>Xuat sac</xeploai><ket_qua>Hoan thanh</ket_qua></hoc_sinh><hoc_sinh><ho_va_ten>Trieu Tuyet Phuong</ho_va_ten><ntns>28/05/2003</ntns><diem_tb>9.65</diem_tb><xeploai>Xuat sac</xeploai><ket_qua>Hoan thanh</ket_qua></hoc_sinh><hoc_sinh><ho_va_ten>Trinh Khoa Chi</ho_va_ten><ntns>06/11/2001</ntns><diem_tb>9.32</diem_tb><xeploai>Xuat sac</xeploai><ket_qua>Hoan thanh</ket_qua></hoc_sinh><hoc_sinh><ho_va_ten>Kha Viet Nam</ho_va_ten><ntns>11/07/2002</ntns><diem_tb>9.34</diem_tb><xeploai>Xuat sac</xeploai><ket_qua>Hoan thanh</ket_qua></hoc_sinh><hoc_sinh><ho_va_ten>Dong Van Xuan</ho_va_ten><ntns>23/09/2002</ntns><diem_tb>9.69</diem_tb><xeploai>Xuat sac</xeploai><ket_qua>Hoan thanh</ket_qua></hoc_sinh><hoc_sinh><ho_va_ten>Le Huyen Oanh</ho_va_ten><ntns>04/11/2002</ntns><diem_tb>9.22</diem_tb><xeploai>Xuat sac</xeploai><ket_qua>Hoan thanh</ket_qua></hoc_sinh><hoc_sinh><ho_va_ten>Lieu Nam Thao</ho_va_ten><ntns>20/09/2003</ntns><diem_tb>9.58</diem_tb><xeploai>Xuat sac</xeploai><ket_qua>Hoan thanh</ket_qua></hoc_sinh><hoc_sinh><ho_va_ten>Do Thieu Yen Vy</ho_va_ten><ntns>01/07/2003</ntns><diem_tb>9.16</diem_tb><xeploai>Xuat sac</xeploai><ket_qua>Hoan thanh</ket_qua></hoc_sinh><hoc_sinh><ho_va_ten>Chau Thi Phuong</ho_va_ten><ntns>07/02/2001</ntns><diem_tb>9.14</diem_tb><xeploai>Xuat sac</xeploai><ket_qua>Hoan thanh</ket_qua></hoc_sinh><hoc_sinh><ho_va_ten>Khu Uyen Phuc</ho_va_ten><ntns>21/12/2003</ntns><diem_tb>9.25</diem_tb><xeploai>Xuat sac</xeploai><ket_qua>Hoan thanh</ket_qua></hoc_sinh><hoc_sinh><ho_va_ten>Cung Truong Quynh</ho_va_ten><ntns>08/06/2002</ntns><diem_tb>9.45</diem_tb><xeploai>Xuat sac</xeploai><ket_qua>Hoan thanh</ket_qua></hoc_sinh><hoc_sinh><ho_va_ten>Hung Phan Phat</ho_va_ten><ntns>26/02/2003</ntns><diem_tb>9.58</diem_tb><xeploai>Xuat sac</xeploai><ket_qua>Hoan thanh</ket_qua></hoc_sinh><hoc_sinh><ho_va_ten>Mai Phuong Binh</ho_va_ten><ntns>07/02/2002</ntns><diem_tb>9.87</diem_tb><xeploai>Xuat sac</xeploai><ket_qua>Hoan thanh</ket_qua></hoc_sinh><hoc_sinh><ho_va_ten>Dong Phuong Duc</ho_va_ten><ntns>08/09/2003</ntns><diem_tb>9.5</diem_tb><xeploai>Xuat sac</xeploai><ket_qua>Hoan thanh</ket_qua></hoc_sinh><hoc_sinh><ho_va_ten>Cao Khai Khoi</ho_va_ten><ntns>02/12/2003</ntns><diem_tb>9.1</diem_tb><xeploai>Xuat sac</xeploai><ket_qua>Hoan thanh</ket_qua></hoc_sinh><hoc_sinh><ho_va_ten>Tang Khoa Hanh</ho_va_ten><ntns>30/10/2003</ntns><diem_tb>9.88</diem_tb><xeploai>Xuat sac</xeploai><ket_qua>Hoan thanh</ket_qua></hoc_sinh><hoc_sinh><ho_va_ten>Ky Truong Yen Hoa</ho_va_ten><ntns>16/12/2002</ntns><diem_tb>9.32</diem_tb><xeploai>Xuat sac</xeploai><ket_qua>Hoan thanh</ket_qua></hoc_sinh><hoc_sinh><ho_va_ten>Bach Vinh Ngoc</ho_va_ten><ntns>24/11/2003</ntns><diem_tb>9.2</diem_tb><xeploai>Xuat sac</xeploai><ket_qua>Hoan thanh</ket_qua></hoc_sinh><hoc_sinh><ho_va_ten>Khuu Long Dat</ho_va_ten><ntns>23/01/2002</ntns><diem_tb>9.25</diem_tb><xeploai>Xuat sac</xeploai><ket_qua>Hoan thanh</ket_qua></hoc_sinh><hoc_sinh><ho_va_ten>Dang Hieu Yen Huong</ho_va_ten><ntns>18/07/2002</ntns><diem_tb>9.59</diem_tb><xeploai>Xuat sac</xeploai><ket_qua>Hoan thanh</ket_qua></hoc_sinh><hoc_sinh><ho_va_ten>Hoa Tien Anh</ho_va_ten><ntns>22/02/2003</ntns><diem_tb>9.62</diem_tb><xeploai>Xuat sac</xeploai><ket_qua>Hoan thanh</ket_qua></hoc_sinh><hoc_sinh><ho_va_ten>Giang Duc Dung</ho_va_ten><ntns>15/02/2002</ntns><diem_tb>9.33</diem_tb><xeploai>Xuat sac</xeploai><ket_qua>Hoan thanh</ket_qua></hoc_sinh><hoc_sinh><ho_va_ten>Doan My Yen Chi</ho_va_ten><ntns>12/04/2002</ntns><diem_tb>9.19</diem_tb><xeploai>Xuat sac</xeploai><ket_qua>Hoan thanh</ket_qua></hoc_sinh><hoc_sinh><ho_va_ten>Lai Cuc Oanh</ho_va_ten><ntns>05/08/2003</ntns><diem_tb>9.23</diem_tb><xeploai>Xuat sac</xeploai><ket_qua>Hoan thanh</ket_qua></hoc_sinh><hoc_sinh><ho_va_ten>Dong Hieu Vinh</ho_va_ten><ntns>18/06/2003</ntns><diem_tb>9.06</diem_tb><xeploai>Xuat sac</xeploai><ket_qua>Hoan thanh</ket_qua></hoc_sinh><hoc_sinh><ho_va_ten>Dong Pham Yen Linh</ho_va_ten><ntns>19/07/2001</ntns><diem_tb>9.46</diem_tb><xeploai>Xuat sac</xeploai><ket_qua>Hoan thanh</ket_qua></hoc_sinh><hoc_sinh><ho_va_ten>Ha Bich Yen Le</ho_va_ten><ntns>21/05/2003</ntns><diem_tb>9.83</diem_tb><xeploai>Xuat sac</xeploai><ket_qua>Hoan thanh</ket_qua></hoc_sinh><hoc_sinh><ho_va_ten>Dinh Nha Thanh</ho_va_ten><ntns>12/05/2003</ntns><diem_tb>9.48</diem_tb><xeploai>Xuat sac</xeploai><ket_qua>Hoan thanh</ket_qua></hoc_sinh><hoc_sinh><ho_va_ten>Han Nga Dong</ho_va_ten><ntns>04/07/2002</ntns><diem_tb>9.2</diem_tb><xeploai>Xuat sac</xeploai><ket_qua>Hoan thanh</ket_qua></hoc_sinh><hoc_sinh><ho_va_ten>Lieu Ha Khanh Linh</ho_va_ten><ntns>19/03/2003</ntns><diem_tb>9.5</diem_tb><xeploai>Xuat sac</xeploai><ket_qua>Hoan thanh</ket_qua></hoc_sinh><hoc_sinh><ho_va_ten>Xuan Van Khanh Linh</ho_va_ten><ntns>26/06/2002</ntns><diem_tb>9.01</diem_tb><xeploai>Xuat sac</xeploai><ket_qua>Hoan thanh</ket_qua></hoc_sinh><hoc_sinh><ho_va_ten>Lam Thi Viet</ho_va_ten><ntns>15/08/2002</ntns><diem_tb>9.08</diem_tb><xeploai>Xuat sac</xeploai><ket_qua>Hoan thanh</ket_qua></hoc_sinh><hoc_sinh><ho_va_ten>Kha My Gia</ho_va_ten><ntns>19/08/2003</ntns><diem_tb>9.54</diem_tb><xeploai>Xuat sac</xeploai><ket_qua>Hoan thanh</ket_qua></hoc_sinh><hoc_sinh><ho_va_ten>Doan Phu Vui</ho_va_ten><ntns>21/04/2001</ntns><diem_tb>9.08</diem_tb><xeploai>Xuat sac</xeploai><ket_qua>Hoan thanh</ket_qua></hoc_sinh><hoc_sinh><ho_va_ten>Duong Khanh Yen Hang</ho_va_ten><ntns>30/05/2003</ntns><diem_tb>9.44</diem_tb><xeploai>Xuat sac</xeploai><ket_qua>Hoan thanh</ket_qua></hoc_sinh><hoc_sinh><ho_va_ten>Le Huynh Yen Nhi</ho_va_ten><ntns>11/06/2001</ntns><diem_tb>9.13</diem_tb><xeploai>Xuat sac</xeploai><ket_qua>Hoan thanh</ket_qua></hoc_sinh><hoc_sinh><ho_va_ten>Ky Lan Cong</ho_va_ten><ntns>22/02/2002</ntns><diem_tb>9.2</diem_tb><xeploai>Xuat sac</xeploai><ket_qua>Hoan thanh</ket_qua></hoc_sinh><hoc_sinh><ho_va_ten>Trieu Thi Yen Oanh</ho_va_ten><ntns>30/09/2003</ntns><diem_tb>9.76</diem_tb><xeploai>Xuat sac</xeploai><ket_qua>Hoan thanh</ket_qua></hoc_sinh><hoc_sinh><ho_va_ten>Lo Truong Oanh</ho_va_ten><ntns>26/11/2002</ntns><diem_tb>9.67</diem_tb><xeploai>Xuat sac</xeploai><ket_qua>Hoan thanh</ket_qua></hoc_sinh><hoc_sinh><ho_va_ten>Lap Huyen Tan</ho_va_ten><ntns>07/12/2002</ntns><diem_tb>9.35</diem_tb><xeploai>Xuat sac</xeploai><ket_qua>Hoan thanh</ket_qua></hoc_sinh><hoc_sinh><ho_va_ten>Hien Cong Gia</ho_va_ten><ntns>13/01/2003</ntns><diem_tb>9.9</diem_tb><xeploai>Xuat sac</xeploai><ket_qua>Hoan thanh</ket_qua></hoc_sinh><hoc_sinh><ho_va_ten>Do Thuong Yen Vy</ho_va_ten><ntns>02/12/2001</ntns><diem_tb>9.37</diem_tb><xeploai>Xuat sac</xeploai><ket_qua>Hoan thanh</ket_qua></hoc_sinh><hoc_sinh><ho_va_ten>Cu Khanh Yen Anh</ho_va_ten><ntns>09/04/2003</ntns><diem_tb>9.6</diem_tb><xeploai>Xuat sac</xeploai><ket_qua>Hoan thanh</ket_qua></hoc_sinh><hoc_sinh><ho_va_ten>Mai Hung Mai</ho_va_ten><ntns>20/03/2003</ntns><diem_tb>9.46</diem_tb><xeploai>Xuat sac</xeploai><ket_qua>Hoan thanh</ket_qua></hoc_sinh><hoc_sinh><ho_va_ten>Phi Truong Yen Vy</ho_va_ten><ntns>03/04/2003</ntns><diem_tb>9.62</diem_tb><xeploai>Xuat sac</xeploai><ket_qua>Hoan thanh</ket_qua></hoc_sinh><hoc_sinh><ho_va_ten>Dich Cong Anh</ho_va_ten><ntns>21/09/2002</ntns><diem_tb>9.87</diem_tb><xeploai>Xuat sac</xeploai><ket_qua>Hoan thanh</ket_qua></hoc_sinh><hoc_sinh><ho_va_ten>Pham Hung Yen</ho_va_ten><ntns>23/09/2003</ntns><diem_tb>9.66</diem_tb><xeploai>Xuat sac</xeploai><ket_qua>Hoan thanh</ket_qua></hoc_sinh><hoc_sinh><ho_va_ten>Uong Son Anh</ho_va_ten><ntns>07/12/2003</ntns><diem_tb>9.17</diem_tb><xeploai>Xuat sac</xeploai><ket_qua>Hoan thanh</ket_qua></hoc_sinh><hoc_sinh><ho_va_ten>Huong Chi Lan</ho_va_ten><ntns>24/09/2001</ntns><diem_tb>9.35</diem_tb><xeploai>Xuat sac</xeploai><ket_qua>Hoan thanh</ket_qua></hoc_sinh><hoc_sinh><ho_va_ten>Doan Thi An</ho_va_ten><ntns>04/06/2003</ntns><diem_tb>9.7</diem_tb><xeploai>Xuat sac</xeploai><ket_qua>Hoan thanh</ket_qua></hoc_sinh><hoc_sinh><ho_va_ten>Lam Khanh Yen Vy</ho_va_ten><ntns>24/05/2003</ntns><diem_tb>9.04</diem_tb><xeploai>Xuat sac</xeploai><ket_qua>Hoan thanh</ket_qua></hoc_sinh><hoc_sinh><ho_va_ten>Dich Duc Yen Hang</ho_va_ten><ntns>31/09/2001</ntns><diem_tb>9.13</diem_tb><xeploai>Xuat sac</xeploai><ket_qua>Hoan thanh</ket_qua></hoc_sinh><hoc_sinh><ho_va_ten>Hoang Huynh Oanh</ho_va_ten><ntns>27/04/2003</ntns><diem_tb>9.26</diem_tb><xeploai>Xuat sac</xeploai><ket_qua>Hoan thanh</ket_qua></hoc_sinh><hoc_sinh><ho_va_ten>Hang Doan Hoa</ho_va_ten><ntns>30/04/2003</ntns><diem_tb>9.52</diem_tb><xeploai>Xuat sac</xeploai><ket_qua>Hoan thanh</ket_qua></hoc_sinh><hoc_sinh><ho_va_ten>Han Viet Vinh</ho_va_ten><ntns>28/04/2003</ntns><diem_tb>9.61</diem_tb><xeploai>Xuat sac</xeploai><ket_qua>Hoan thanh</ket_qua></hoc_sinh><hoc_sinh><ho_va_ten>Doan Phu Yen Nhung</ho_va_ten><ntns>16/03/2003</ntns><diem_tb>9.83</diem_tb><xeploai>Xuat sac</xeploai><ket_qua>Hoan thanh</ket_qua></hoc_sinh><hoc_sinh><ho_va_ten>Lai Vu Tan</ho_va_ten><ntns>01/10/2001</ntns><diem_tb>9.61</diem_tb><xeploai>Xuat sac</xeploai><ket_qua>Hoan thanh</ket_qua></hoc_sinh><hoc_sinh><ho_va_ten>Hang Vinh Viet</ho_va_ten><ntns>29/12/2001</ntns><diem_tb>9.38</diem_tb><xeploai>Xuat sac</xeploai><ket_qua>Hoan thanh</ket_qua></hoc_sinh><hoc_sinh><ho_va_ten>Ham Quynh Hanh</ho_va_ten><ntns>18/11/2003</ntns><diem_tb>9.59</diem_tb><xeploai>Xuat sac</xeploai><ket_qua>Hoan thanh</ket_qua></hoc_sinh><hoc_sinh><ho_va_ten>Bui Tu Vinh</ho_va_ten><ntns>29/08/2003</ntns><diem_tb>9.9</diem_tb><xeploai>Xuat sac</xeploai><ket_qua>Hoan thanh</ket_qua></hoc_sinh><hoc_sinh><ho_va_ten>Hieu Trung Dung</ho_va_ten><ntns>21/10/2001</ntns><diem_tb>9.79</diem_tb><xeploai>Xuat sac</xeploai><ket_qua>Hoan thanh</ket_qua></hoc_sinh><hoc_sinh><ho_va_ten>Trang Pham Yen Oanh</ho_va_ten><ntns>30/01/2001</ntns><diem_tb>9.64</diem_tb><xeploai>Xuat sac</xeploai><ket_qua>Hoan thanh</ket_qua></hoc_sinh><hoc_sinh><ho_va_ten>Hang Tien Vinh</ho_va_ten><ntns>09/11/2003</ntns><diem_tb>9.08</diem_tb><xeploai>Xuat sac</xeploai><ket_qua>Hoan thanh</ket_qua></hoc_sinh><hoc_sinh><ho_va_ten>Vuon Viet Mai</ho_va_ten><ntns>28/09/2001</ntns><diem_tb>9.16</diem_tb><xeploai>Xuat sac</xeploai><ket_qua>Hoan thanh</ket_qua></hoc_sinh><hoc_sinh><ho_va_ten>Le Nhu Phuc</ho_va_ten><ntns>11/11/2002</ntns><diem_tb>9.69</diem_tb><xeploai>Xuat sac</xeploai><ket_qua>Hoan thanh</ket_qua></hoc_sinh><hoc_sinh><ho_va_ten>Thi My Thu</ho_va_ten><ntns>20/09/2002</ntns><diem_tb>9.4</diem_tb><xeploai>Xuat sac</xeploai><ket_qua>Hoan thanh</ket_qua></hoc_sinh><hoc_sinh><ho_va_ten>Khuong Duc Le</ho_va_ten><ntns>10/08/2003</ntns><diem_tb>9.86</diem_tb><xeploai>Xuat sac</xeploai><ket_qua>Hoan thanh</ket_qua></hoc_sinh><hoc_sinh><ho_va_ten>Ha Yen Dung</ho_va_ten><ntns>29/12/2003</ntns><diem_tb>9.06</diem_tb><xeploai>Xuat sac</xeploai><ket_qua>Hoan thanh</ket_qua></hoc_sinh><hoc_sinh><ho_va_ten>Hop Bich Viet</ho_va_ten><ntns>22/02/2003</ntns><diem_tb>9.52</diem_tb><xeploai>Xuat sac</xeploai><ket_qua>Hoan thanh</ket_qua></hoc_sinh><hoc_sinh><ho_va_ten>Doan Trung Thien</ho_va_ten><ntns>26/03/2003</ntns><diem_tb>9.56</diem_tb><xeploai>Xuat sac</xeploai><ket_qua>Hoan thanh</ket_qua></hoc_sinh><hoc_sinh><ho_va_ten>Thi Nhu Hung</ho_va_ten><ntns>15/03/2002</ntns><diem_tb>9.87</diem_tb><xeploai>Xuat sac</xeploai><ket_qua>Hoan thanh</ket_qua></hoc_sinh><hoc_sinh><ho_va_ten>Vuon Giang Yen Thao</ho_va_ten><ntns>02/10/2001</ntns><diem_tb>9.21</diem_tb><xeploai>Xuat sac</xeploai><ket_qua>Hoan thanh</ket_qua></hoc_sinh><hoc_sinh><ho_va_ten>Cu Anh Yen Hang</ho_va_ten><ntns>25/04/2003</ntns><diem_tb>9.66</diem_tb><xeploai>Xuat sac</xeploai><ket_qua>Hoan thanh</ket_qua></hoc_sinh><hoc_sinh><ho_va_ten>Dam Tien Hong</ho_va_ten><ntns>04/04/2003</ntns><diem_tb>9.32</diem_tb><xeploai>Xuat sac</xeploai><ket_qua>Hoan thanh</ket_qua></hoc_sinh><hoc_sinh><ho_va_ten>Vi Phu An</ho_va_ten><ntns>01/06/2003</ntns><diem_tb>9.24</diem_tb><xeploai>Xuat sac</xeploai><ket_qua>Hoan thanh</ket_qua></hoc_sinh><hoc_sinh><ho_va_ten>Kieu Huyen Nhung</ho_va_ten><ntns>12/04/2001</ntns><diem_tb>9.57</diem_tb><xeploai>Xuat sac</xeploai><ket_qua>Hoan thanh</ket_qua></hoc_sinh><hoc_sinh><ho_va_ten>Hung Chi Yen Thao</ho_va_ten><ntns>07/04/2002</ntns><diem_tb>9.37</diem_tb><xeploai>Xuat sac</xeploai><ket_qua>Hoan thanh</ket_qua></hoc_sinh><hoc_sinh><ho_va_ten>Dinh Thieu Thanh</ho_va_ten><ntns>02/04/2003</ntns><diem_tb>9.66</diem_tb><xeploai>Xuat sac</xeploai><ket_qua>Hoan thanh</ket_qua></hoc_sinh><hoc_sinh><ho_va_ten>Hoai Hong Thanh</ho_va_ten><ntns>02/09/2003</ntns><diem_tb>9.76</diem_tb><xeploai>Xuat sac</xeploai><ket_qua>Hoan thanh</ket_qua></hoc_sinh><hoc_sinh><ho_va_ten>Cao Nhu Dat</ho_va_ten><ntns>18/09/2003</ntns><diem_tb>9.17</diem_tb><xeploai>Xuat sac</xeploai><ket_qua>Hoan thanh</ket_qua></hoc_sinh><hoc_sinh><ho_va_ten>To Linh Phuc</ho_va_ten><ntns>23/03/2002</ntns><diem_tb>9.81</diem_tb><xeploai>Xuat sac</xeploai><ket_qua>Hoan thanh</ket_qua></hoc_sinh><hoc_sinh><ho_va_ten>Hoan Nhat Dat</ho_va_ten><ntns>31/04/2003</ntns><diem_tb>9.55</diem_tb><xeploai>Xuat sac</xeploai><ket_qua>Hoan thanh</ket_qua></hoc_sinh><hoc_sinh><ho_va_ten>Be Tran Yen Trang</ho_va_ten><ntns>27/12/2003</ntns><diem_tb>9.78</diem_tb><xeploai>Xuat sac</xeploai><ket_qua>Hoan thanh</ket_qua></hoc_sinh><hoc_sinh><ho_va_ten>Mai Vu Thanh</ho_va_ten><ntns>03/02/2002</ntns><diem_tb>9.6</diem_tb><xeploai>Xuat sac</xeploai><ket_qua>Hoan thanh</ket_qua></hoc_sinh><hoc_sinh><ho_va_ten>Lang Nhu Nhan</ho_va_ten><ntns>05/12/2003</ntns><diem_tb>9.76</diem_tb><xeploai>Xuat sac</xeploai><ket_qua>Hoan thanh</ket_qua></hoc_sinh><hoc_sinh><ho_va_ten>Tiet Hoang Phat</ho_va_ten><ntns>20/11/2003</ntns><diem_tb>9.45</diem_tb><xeploai>Xuat sac</xeploai><ket_qua>Hoan thanh</ket_qua></hoc_sinh><hoc_sinh><ho_va_ten>Vo Thien Yen Vy</ho_va_ten><ntns>29/09/2002</ntns><diem_tb>9.69</diem_tb><xeploai>Xuat sac</xeploai><ket_qua>Hoan thanh</ket_qua></hoc_sinh><hoc_sinh><ho_va_ten>Lang Hai Yen Mai</ho_va_ten><ntns>10/07/2002</ntns><diem_tb>9.4</diem_tb><xeploai>Xuat sac</xeploai><ket_qua>Hoan thanh</ket_qua></hoc_sinh><hoc_sinh><ho_va_ten>Vien Tung Dong</ho_va_ten><ntns>31/03/2003</ntns><diem_tb>9.82</diem_tb><xeploai>Xuat sac</xeploai><ket_qua>Hoan thanh</ket_qua></hoc_sinh><hoc_sinh><ho_va_ten>Thi Yen Hung</ho_va_ten><ntns>07/07/2003</ntns><diem_tb>9.15</diem_tb><xeploai>Xuat sac</xeploai><ket_qua>Hoan thanh</ket_qua></hoc_sinh><hoc_sinh><ho_va_ten>Lam Huynh Kim</ho_va_ten><ntns>29/10/2003</ntns><diem_tb>9.56</diem_tb><xeploai>Xuat sac</xeploai><ket_qua>Hoan thanh</ket_qua></hoc_sinh><hoc_sinh><ho_va_ten>Bu Nga Tuyen</ho_va_ten><ntns>31/08/2003</ntns><diem_tb>9.45</diem_tb><xeploai>Xuat sac</xeploai><ket_qua>Hoan thanh</ket_qua></hoc_sinh><hoc_sinh><ho_va_ten>Dinh Ha Chi</ho_va_ten><ntns>11/11/2002</ntns><diem_tb>9.21</diem_tb><xeploai>Xuat sac</xeploai><ket_qua>Hoan thanh</ket_qua></hoc_sinh><hoc_sinh><ho_va_ten>Doan Khai Xuan</ho_va_ten><ntns>10/09/2003</ntns><diem_tb>9.38</diem_tb><xeploai>Xuat sac</xeploai><ket_qua>Hoan thanh</ket_qua></hoc_sinh><hoc_sinh><ho_va_ten>Vuon Linh Yen</ho_va_ten><ntns>09/11/2002</ntns><diem_tb>9.17</diem_tb><xeploai>Xuat sac</xeploai><ket_qua>Hoan thanh</ket_qua></hoc_sinh><hoc_sinh><ho_va_ten>Be Nhan Son</ho_va_ten><ntns>25/10/2003</ntns><diem_tb>9.08</diem_tb><xeploai>Xuat sac</xeploai><ket_qua>Hoan thanh</ket_qua></hoc_sinh><hoc_sinh><ho_va_ten>Doan Vinh Lan</ho_va_ten><ntns>23/10/2002</ntns><diem_tb>9.04</diem_tb><xeploai>Xuat sac</xeploai><ket_qua>Hoan thanh</ket_qua></hoc_sinh><hoc_sinh><ho_va_ten>Dich Giang Khanh Linh</ho_va_ten><ntns>11/11/2002</ntns><diem_tb>9.51</diem_tb><xeploai>Xuat sac</xeploai><ket_qua>Hoan thanh</ket_qua></hoc_sinh><hoc_sinh><ho_va_ten>Hop Lam Nam</ho_va_ten><ntns>18/08/2001</ntns><diem_tb>9.23</diem_tb><xeploai>Xuat sac</xeploai><ket_qua>Hoan thanh</ket_qua></hoc_sinh><hoc_sinh><ho_va_ten>Be Phuong An</ho_va_ten><ntns>03/01/2003</ntns><diem_tb>9.79</diem_tb><xeploai>Xuat sac</xeploai><ket_qua>Hoan thanh</ket_qua></hoc_sinh><hoc_sinh><ho_va_ten>Bu Truong Hung</ho_va_ten><ntns>25/08/2002</ntns><diem_tb>9.31</diem_tb><xeploai>Xuat sac</xeploai><ket_qua>Hoan thanh</ket_qua></hoc_sinh><hoc_sinh><ho_va_ten>Vo Khai Long</ho_va_ten><ntns>22/03/2001</ntns><diem_tb>9.74</diem_tb><xeploai>Xuat sac</xeploai><ket_qua>Hoan thanh</ket_qua></hoc_sinh><hoc_sinh><ho_va_ten>Luu Khai Tam</ho_va_ten><ntns>06/02/2001</ntns><diem_tb>9.78</diem_tb><xeploai>Xuat sac</xeploai><ket_qua>Hoan thanh</ket_qua></hoc_sinh><hoc_sinh><ho_va_ten>Chau Tuyet Nhung</ho_va_ten><ntns>13/06/2003</ntns><diem_tb>9.26</diem_tb><xeploai>Xuat sac</xeploai><ket_qua>Hoan thanh</ket_qua></hoc_sinh><hoc_sinh><ho_va_ten>Dam Khanh Yen Hoa</ho_va_ten><ntns>25/03/2003</ntns><diem_tb>9.04</diem_tb><xeploai>Xuat sac</xeploai><ket_qua>Hoan thanh</ket_qua></hoc_sinh><hoc_sinh><ho_va_ten>Phung Thanh Kien</ho_va_ten><ntns>17/09/2001</ntns><diem_tb>9.46</diem_tb><xeploai>Xuat sac</xeploai><ket_qua>Hoan thanh</ket_qua></hoc_sinh><hoc_sinh><ho_va_ten>Cu Trinh Thuy</ho_va_ten><ntns>26/10/2003</ntns><diem_tb>9.83</diem_tb><xeploai>Xuat sac</xeploai><ket_qua>Hoan thanh</ket_qua></hoc_sinh><hoc_sinh><ho_va_ten>Hop Tien Diep</ho_va_ten><ntns>27/10/2002</ntns><diem_tb>9.26</diem_tb><xeploai>Xuat sac</xeploai><ket_qua>Hoan thanh</ket_qua></hoc_sinh><hoc_sinh><ho_va_ten>Lo Vu Vinh</ho_va_ten><ntns>23/12/2003</ntns><diem_tb>9.24</diem_tb><xeploai>Xuat sac</xeploai><ket_qua>Hoan thanh</ket_qua></hoc_sinh><hoc_sinh><ho_va_ten>Khuong Hieu Le</ho_va_ten><ntns>20/03/2001</ntns><diem_tb>9.4</diem_tb><xeploai>Xuat sac</xeploai><ket_qua>Hoan thanh</ket_qua></hoc_sinh><hoc_sinh><ho_va_ten>Phung Truong Nhung</ho_va_ten><ntns>29/01/2002</ntns><diem_tb>9.42</diem_tb><xeploai>Xuat sac</xeploai><ket_qua>Hoan thanh</ket_qua></hoc_sinh><hoc_sinh><ho_va_ten>Hieu Tung Kien</ho_va_ten><ntns>31/08/2002</ntns><diem_tb>9.23</diem_tb><xeploai>Xuat sac</xeploai><ket_qua>Hoan thanh</ket_qua></hoc_sinh><hoc_sinh><ho_va_ten>Lam Hai Lam</ho_va_ten><ntns>19/06/2003</ntns><diem_tb>9.66</diem_tb><xeploai>Xuat sac</xeploai><ket_qua>Hoan thanh</ket_qua></hoc_sinh><hoc_sinh><ho_va_ten>Vi Thuong Huy</ho_va_ten><ntns>28/06/2001</ntns><diem_tb>9.06</diem_tb><xeploai>Xuat sac</xeploai><ket_qua>Hoan thanh</ket_qua></hoc_sinh><hoc_sinh><ho_va_ten>Hau Thuy Yen Xoi</ho_va_ten><ntns>31/10/2003</ntns><diem_tb>9.71</diem_tb><xeploai>Xuat sac</xeploai><ket_qua>Hoan thanh</ket_qua></hoc_sinh><hoc_sinh><ho_va_ten>Khuong Cuc Huy</ho_va_ten><ntns>01/01/2001</ntns><diem_tb>9.83</diem_tb><xeploai>Xuat sac</xeploai><ket_qua>Hoan thanh</ket_qua></hoc_sinh><hoc_sinh><ho_va_ten>Huong Linh Khanh Linh</ho_va_ten><ntns>06/08/2002</ntns><diem_tb>9.88</diem_tb><xeploai>Xuat sac</xeploai><ket_qua>Hoan thanh</ket_qua></hoc_sinh><hoc_sinh><ho_va_ten>Doan Xuan Yen Hoa</ho_va_ten><ntns>15/01/2001</ntns><diem_tb>9.66</diem_tb><xeploai>Xuat sac</xeploai><ket_qua>Hoan thanh</ket_qua></hoc_sinh><hoc_sinh><ho_va_ten>Khuc Trinh Thuong</ho_va_ten><ntns>11/06/2002</ntns><diem_tb>9.17</diem_tb><xeploai>Xuat sac</xeploai><ket_qua>Hoan thanh</ket_qua></hoc_sinh><hoc_sinh><ho_va_ten>Hoai Khanh Yen Hoa</ho_va_ten><ntns>02/05/2003</ntns><diem_tb>9.0</diem_tb><xeploai>Xuat sac</xeploai><ket_qua>Hoan thanh</ket_qua></hoc_sinh><hoc_sinh><ho_va_ten>Lai Lan Phuc</ho_va_ten><ntns>11/11/2003</ntns><diem_tb>9.12</diem_tb><xeploai>Xuat sac</xeploai><ket_qua>Hoan thanh</ket_qua></hoc_sinh><hoc_sinh><ho_va_ten>Chau Trang Vinh</ho_va_ten><ntns>02/11/2001</ntns><diem_tb>9.64</diem_tb><xeploai>Xuat sac</xeploai><ket_qua>Hoan thanh</ket_qua></hoc_sinh><hoc_sinh><ho_va_ten>Khuong Vinh Hoai</ho_va_ten><ntns>07/06/2003</ntns><diem_tb>9.53</diem_tb><xeploai>Xuat sac</xeploai><ket_qua>Hoan thanh</ket_qua></hoc_sinh><hoc_sinh><ho_va_ten>Hoang Nhan Tan</ho_va_ten><ntns>23/12/2003</ntns><diem_tb>9.84</diem_tb><xeploai>Xuat sac</xeploai><ket_qua>Hoan thanh</ket_qua></hoc_sinh><hoc_sinh><ho_va_ten>Han Minh Yen Thanh</ho_va_ten><ntns>28/07/2001</ntns><diem_tb>9.57</diem_tb><xeploai>Xuat sac</xeploai><ket_qua>Hoan thanh</ket_qua></hoc_sinh><hoc_sinh><ho_va_ten>Nguyen Nhan Yen Chi</ho_va_ten><ntns>28/04/2002</ntns><diem_tb>9.69</diem_tb><xeploai>Xuat sac</xeploai><ket_qua>Hoan thanh</ket_qua></hoc_sinh><hoc_sinh><ho_va_ten>Ham Hoang Yen Xoi</ho_va_ten><ntns>06/12/2003</ntns><diem_tb>9.29</diem_tb><xeploai>Xuat sac</xeploai><ket_qua>Hoan thanh</ket_qua></hoc_sinh><hoc_sinh><ho_va_ten>Khu Van Diep</ho_va_ten><ntns>29/05/2003</ntns><diem_tb>9.6</diem_tb><xeploai>Xuat sac</xeploai><ket_qua>Hoan thanh</ket_qua></hoc_sinh><hoc_sinh><ho_va_ten>Hop Ngoc Khai</ho_va_ten><ntns>05/11/2002</ntns><diem_tb>9.62</diem_tb><xeploai>Xuat sac</xeploai><ket_qua>Hoan thanh</ket_qua></hoc_sinh><hoc_sinh><ho_va_ten>Uong Nha Nhi</ho_va_ten><ntns>24/11/2001</ntns><diem_tb>9.34</diem_tb><xeploai>Xuat sac</xeploai><ket_qua>Hoan thanh</ket_qua></hoc_sinh><hoc_sinh><ho_va_ten>Dich Tu Yen Thu</ho_va_ten><ntns>26/06/2002</ntns><diem_tb>9.27</diem_tb><xeploai>Xuat sac</xeploai><ket_qua>Hoan thanh</ket_qua></hoc_sinh><hoc_sinh><ho_va_ten>Doan Xuan My</ho_va_ten><ntns>06/01/2002</ntns><diem_tb>9.12</diem_tb><xeploai>Xuat sac</xeploai><ket_qua>Hoan thanh</ket_qua></hoc_sinh><hoc_sinh><ho_va_ten>Doan Kiet Khoi</ho_va_ten><ntns>17/07/2003</ntns><diem_tb>9.56</diem_tb><xeploai>Xuat sac</xeploai><ket_qua>Hoan thanh</ket_qua></hoc_sinh><hoc_sinh><ho_va_ten>Duong Phuong Diep</ho_va_ten><ntns>29/11/2002</ntns><diem_tb>9.48</diem_tb><xeploai>Xuat sac</xeploai><ket_qua>Hoan thanh</ket_qua></hoc_sinh><hoc_sinh><ho_va_ten>Le Nam Yen Ngoc</ho_va_ten><ntns>18/08/2001</ntns><diem_tb>9.71</diem_tb><xeploai>Xuat sac</xeploai><ket_qua>Hoan thanh</ket_qua></hoc_sinh><hoc_sinh><ho_va_ten>Hy Uyen Quang</ho_va_ten><ntns>28/07/2001</ntns><diem_tb>9.74</diem_tb><xeploai>Xuat sac</xeploai><ket_qua>Hoan thanh</ket_qua></hoc_sinh><hoc_sinh><ho_va_ten>Tran Nhat Nhung</ho_va_ten><ntns>06/06/2002</ntns><diem_tb>9.15</diem_tb><xeploai>Xuat sac</xeploai><ket_qua>Hoan thanh</ket_qua></hoc_sinh><hoc_sinh><ho_va_ten>Khuong Hieu Le</ho_va_ten><ntns>26/12/2002</ntns><diem_tb>9.63</diem_tb><xeploai>Xuat sac</xeploai><ket_qua>Hoan thanh</ket_qua></hoc_sinh><hoc_sinh><ho_va_ten>Hang Giang Tam</ho_va_ten><ntns>16/01/2003</ntns><diem_tb>9.21</diem_tb><xeploai>Xuat sac</xeploai><ket_qua>Hoan thanh</ket_qua></hoc_sinh><hoc_sinh><ho_va_ten>Mai Phu Lan</ho_va_ten><ntns>31/04/2003</ntns><diem_tb>9.33</diem_tb><xeploai>Xuat sac</xeploai><ket_qua>Hoan thanh</ket_qua></hoc_sinh><hoc_sinh><ho_va_ten>Kim Tran Tien</ho_va_ten><ntns>06/05/2002</ntns><diem_tb>9.12</diem_tb><xeploai>Xuat sac</xeploai><ket_qua>Hoan thanh</ket_qua></hoc_sinh><hoc_sinh><ho_va_ten>Luu Quynh Hoa</ho_va_ten><ntns>20/02/2002</ntns><diem_tb>9.55</diem_tb><xeploai>Xuat sac</xeploai><ket_qua>Hoan thanh</ket_qua></hoc_sinh><hoc_sinh><ho_va_ten>Lai Hong Dung</ho_va_ten><ntns>12/03/2001</ntns><diem_tb>9.84</diem_tb><xeploai>Xuat sac</xeploai><ket_qua>Hoan thanh</ket_qua></hoc_sinh><hoc_sinh><ho_va_ten>Lo Ha Dat</ho_va_ten><ntns>30/05/2002</ntns><diem_tb>9.29</diem_tb><xeploai>Xuat sac</xeploai><ket_qua>Hoan thanh</ket_qua></hoc_sinh><hoc_sinh><ho_va_ten>Luu Khanh Uyen</ho_va_ten><ntns>31/04/2003</ntns><diem_tb>9.12</diem_tb><xeploai>Xuat sac</xeploai><ket_qua>Hoan thanh</ket_qua></hoc_sinh><hoc_sinh><ho_va_ten>Thai Huyen Nhi</ho_va_ten><ntns>14/03/2002</ntns><diem_tb>9.36</diem_tb><xeploai>Xuat sac</xeploai><ket_qua>Hoan thanh</ket_qua></hoc_sinh><hoc_sinh><ho_va_ten>Cu Dinh Viet</ho_va_ten><ntns>07/05/2002</ntns><diem_tb>9.76</diem_tb><xeploai>Xuat sac</xeploai><ket_qua>Hoan thanh</ket_qua></hoc_sinh><hoc_sinh><ho_va_ten>Ton Nhan Hanh</ho_va_ten><ntns>07/11/2001</ntns><diem_tb>9.04</diem_tb><xeploai>Xuat sac</xeploai><ket_qua>Hoan thanh</ket_qua></hoc_sinh><hoc_sinh><ho_va_ten>Hieu Thanh Nhat</ho_va_ten><ntns>30/08/2003</ntns><diem_tb>9.63</diem_tb><xeploai>Xuat sac</xeploai><ket_qua>Hoan thanh</ket_qua></hoc_sinh><hoc_sinh><ho_va_ten>Khu Kiet Oanh</ho_va_ten><ntns>02/08/2001</ntns><diem_tb>9.32</diem_tb><xeploai>Xuat sac</xeploai><ket_qua>Hoan thanh</ket_qua></hoc_sinh><hoc_sinh><ho_va_ten>Trieu Trang Vinh</ho_va_ten><ntns>15/08/2002</ntns><diem_tb>9.42</diem_tb><xeploai>Xuat sac</xeploai><ket_qua>Hoan thanh</ket_qua></hoc_sinh><hoc_sinh><ho_va_ten>Doan Quang Dat</ho_va_ten><ntns>08/05/2002</ntns><diem_tb>9.85</diem_tb><xeploai>Xuat sac</xeploai><ket_qua>Hoan thanh</ket_qua></hoc_sinh><hoc_sinh><ho_va_ten>Lam Lan Linh</ho_va_ten><ntns>11/10/2003</ntns><diem_tb>9.31</diem_tb><xeploai>Xuat sac</xeploai><ket_qua>Hoan thanh</ket_qua></hoc_sinh><hoc_sinh><ho_va_ten>Cung Huyen Van</ho_va_ten><ntns>25/08/2003</ntns><diem_tb>9.88</diem_tb><xeploai>Xuat sac</xeploai><ket_qua>Hoan thanh</ket_qua></hoc_sinh><hoc_sinh><ho_va_ten>Ngo Cong Duc</ho_va_ten><ntns>10/02/2003</ntns><diem_tb>9.52</diem_tb><xeploai>Xuat sac</xeploai><ket_qua>Hoan thanh</ket_qua></hoc_sinh><hoc_sinh><ho_va_ten>Ta Thuong Vi</ho_va_ten><ntns>22/11/2001</ntns><diem_tb>9.55</diem_tb><xeploai>Xuat sac</xeploai><ket_qua>Hoan thanh</ket_qua></hoc_sinh><hoc_sinh><ho_va_ten>Xuan Giang Yen Mai</ho_va_ten><ntns>19/11/2001</ntns><diem_tb>9.42</diem_tb><xeploai>Xuat sac</xeploai><ket_qua>Hoan thanh</ket_qua></hoc_sinh><hoc_sinh><ho_va_ten>Hoa Tien Gia</ho_va_ten><ntns>18/12/2003</ntns><diem_tb>9.67</diem_tb><xeploai>Xuat sac</xeploai><ket_qua>Hoan thanh</ket_qua></hoc_sinh><hoc_sinh><ho_va_ten>Cung Dan Quan</ho_va_ten><ntns>05/02/2002</ntns><diem_tb>9.1</diem_tb><xeploai>Xuat sac</xeploai><ket_qua>Hoan thanh</ket_qua></hoc_sinh><hoc_sinh><ho_va_ten>Hau Thien Phong</ho_va_ten><ntns>18/05/2001</ntns><diem_tb>9.0</diem_tb><xeploai>Xuat sac</xeploai><ket_qua>Hoan thanh</ket_qua></hoc_sinh><hoc_sinh><ho_va_ten>Dong Giang Diep</ho_va_ten><ntns>14/03/2002</ntns><diem_tb>9.73</diem_tb><xeploai>Xuat sac</xeploai><ket_qua>Hoan thanh</ket_qua></hoc_sinh><hoc_sinh><ho_va_ten>Kieu Huyen Chi</ho_va_ten><ntns>30/08/2003</ntns><diem_tb>9.64</diem_tb><xeploai>Xuat sac</xeploai><ket_qua>Hoan thanh</ket_qua></hoc_sinh><hoc_sinh><ho_va_ten>Kieu Hung Phong</ho_va_ten><ntns>20/05/2002</ntns><diem_tb>9.29</diem_tb><xeploai>Xuat sac</xeploai><ket_qua>Hoan thanh</ket_qua></hoc_sinh><hoc_sinh><ho_va_ten>Thi Truong Vui</ho_va_ten><ntns>24/09/2003</ntns><diem_tb>9.2</diem_tb><xeploai>Xuat sac</xeploai><ket_qua>Hoan thanh</ket_qua></hoc_sinh><hoc_sinh><ho_va_ten>Tiet Son Thuong</ho_va_ten><ntns>18/04/2003</ntns><diem_tb>9.16</diem_tb><xeploai>Xuat sac</xeploai><ket_qua>Hoan thanh</ket_qua></hoc_sinh><hoc_sinh><ho_va_ten>Bui Minh Yen Hien</ho_va_ten><ntns>31/12/2003</ntns><diem_tb>9.49</diem_tb><xeploai>Xuat sac</xeploai><ket_qua>Hoan thanh</ket_qua></hoc_sinh><hoc_sinh><ho_va_ten>Yen Huynh Kim</ho_va_ten><ntns>04/05/2001</ntns><diem_tb>9.52</diem_tb><xeploai>Xuat sac</xeploai><ket_qua>Hoan thanh</ket_qua></hoc_sinh><hoc_sinh><ho_va_ten>Hoan Trieu Nhat</ho_va_ten><ntns>17/10/2002</ntns><diem_tb>9.16</diem_tb><xeploai>Xuat sac</xeploai><ket_qua>Hoan thanh</ket_qua></hoc_sinh><hoc_sinh><ho_va_ten>Huynh Thieu Kien</ho_va_ten><ntns>25/04/2003</ntns><diem_tb>9.27</diem_tb><xeploai>Xuat sac</xeploai><ket_qua>Hoan thanh</ket_qua></hoc_sinh><hoc_sinh><ho_va_ten>Pham Doan Hien</ho_va_ten><ntns>10/04/2002</ntns><diem_tb>9.41</diem_tb><xeploai>Xuat sac</xeploai><ket_qua>Hoan thanh</ket_qua></hoc_sinh><hoc_sinh><ho_va_ten>Kim Yen My</ho_va_ten><ntns>10/12/2003</ntns><diem_tb>9.73</diem_tb><xeploai>Xuat sac</xeploai><ket_qua>Hoan thanh</ket_qua></hoc_sinh><hoc_sinh><ho_va_ten>Hoai Son Khanh Linh</ho_va_ten><ntns>09/03/2003</ntns><diem_tb>9.66</diem_tb><xeploai>Xuat sac</xeploai><ket_qua>Hoan thanh</ket_qua></hoc_sinh><hoc_sinh><ho_va_ten>Banh Phan Hoai</ho_va_ten><ntns>28/10/2003</ntns><diem_tb>9.28</diem_tb><xeploai>Xuat sac</xeploai><ket_qua>Hoan thanh</ket_qua></hoc_sinh><hoc_sinh><ho_va_ten>Khu Nha Hien</ho_va_ten><ntns>27/06/2003</ntns><diem_tb>9.36</diem_tb><xeploai>Xuat sac</xeploai><ket_qua>Hoan thanh</ket_qua></hoc_sinh><hoc_sinh><ho_va_ten>Han Thien Duc</ho_va_ten><ntns>21/06/2002</ntns><diem_tb>9.09</diem_tb><xeploai>Xuat sac</xeploai><ket_qua>Hoan thanh</ket_qua></hoc_sinh><hoc_sinh><ho_va_ten>Trang Phuong Dung</ho_va_ten><ntns>31/02/2003</ntns><diem_tb>9.2</diem_tb><xeploai>Xuat sac</xeploai><ket_qua>Hoan thanh</ket_qua></hoc_sinh><hoc_sinh><ho_va_ten>Mai Phong An</ho_va_ten><ntns>08/12/2002</ntns><diem_tb>9.77</diem_tb><xeploai>Xuat sac</xeploai><ket_qua>Hoan thanh</ket_qua></hoc_sinh><hoc_sinh><ho_va_ten>Trieu Ha Thi</ho_va_ten><ntns>08/12/2003</ntns><diem_tb>9.15</diem_tb><xeploai>Xuat sac</xeploai><ket_qua>Hoan thanh</ket_qua></hoc_sinh><hoc_sinh><ho_va_ten>Vinh Thanh Long</ho_va_ten><ntns>19/03/2003</ntns><diem_tb>9.62</diem_tb><xeploai>Xuat sac</xeploai><ket_qua>Hoan thanh</ket_qua></hoc_sinh><hoc_sinh><ho_va_ten>Hy Vu Tuyen</ho_va_ten><ntns>10/11/2003</ntns><diem_tb>9.9</diem_tb><xeploai>Xuat sac</xeploai><ket_qua>Hoan thanh</ket_qua></hoc_sinh><hoc_sinh><ho_va_ten>Uong Tuan Yen Thao</ho_va_ten><ntns>07/12/2003</ntns><diem_tb>9.79</diem_tb><xeploai>Xuat sac</xeploai><ket_qua>Hoan thanh</ket_qua></hoc_sinh><hoc_sinh><ho_va_ten>Thi Khai Minh</ho_va_ten><ntns>04/07/2003</ntns><diem_tb>9.81</diem_tb><xeploai>Xuat sac</xeploai><ket_qua>Hoan thanh</ket_qua></hoc_sinh></HS>